<?xml version="1.0" encoding="UTF-8"?>
<project-private xmlns="http://www.netbeans.org/ns/project-private/1">
    <editor-bookmarks xmlns="http://www.netbeans.org/ns/editor-bookmarks/2" lastBookmarkId="0"/>
    <open-files xmlns="http://www.netbeans.org/ns/projectui-open-files/2">
        <group>
            <file>file:/C:/Users/sebas/OneDrive/Documentos/GitHub/Lab2/Hernandez_Maria_Oliveros_Daniel_Santos_Sebastian/src/Laboratorio2/GUI.java</file>
            <file>file:/C:/Users/sebas/OneDrive/Documentos/GitHub/Lab2/Hernandez_Maria_Oliveros_Daniel_Santos_Sebastian/src/Laboratorio2/Metodos.java</file>
        </group>
    </open-files>
</project-private>
